country,year,PES,PES_AES,Re_M1_annual,A_lambda,B,C,valid
UAE,1991,-4.80458927109288,,,-0.004598661390378311,,,False
UAE,1992,-2.2507929221042495,,,-0.004598661390378311,,,False
UAE,1993,1.4965161387783878,-0.0021700101794349044,-0.1450041281349824,-0.004598661390378311,0.012453910293818678,25.318804801483637,True
UAE,1994,4.389418032355304,-0.01339008401135983,-0.30505374317640205,-0.004598661390378311,0.07920933486331352,8.374686514028618,True
UAE,1995,2.288101242315442,-0.013093932647952902,-0.5722619439121718,-0.004598661390378311,0.0759431274643016,16.38607562751856,True
UAE,1996,-0.35682035483639696,,,-0.004598661390378311,,,False
UAE,1997,1.769411935073368,-0.01528378909977485,-0.8637778912201762,-0.004598661390378311,0.07962076570263632,23.59088868600244,True
UAE,1998,-0.9626339970957808,,,-0.004598661390378311,,,False
UAE,1999,1.1011444748058605,-0.008536138161934643,-0.7752060113128774,-0.004598661390378311,0.042008968119585266,40.12764614727895,True
UAE,2000,3.488466791257528,-0.023077695663490484,-0.661542650236077,-0.004598661390378311,0.10886737921256408,13.213827953163124,True
UAE,2001,3.405119547751471,-0.0027036113017174686,-0.07939842533583777,-0.004598661390378311,0.013569825069749762,12.723488674166855,True
UAE,2002,-3.901738498013295,,,-0.004598661390378311,,,False
UAE,2003,1.9970098367846938,-0.018796923282420105,-0.9412534147895979,-0.004598661390378311,0.08088728423974674,25.304332041429088,True
UAE,2004,2.3002545784963098,-0.021307500008568993,-0.9263105139648428,-0.004598661390378311,0.08731252100720643,23.07005515654281,True
UAE,2005,5.533473653787729,-0.010670070954498415,-0.1928277176705201,-0.004598661390378311,0.046303249682406275,9.055794449423123,True
UAE,2006,2.98745727971445,-0.02143847149834825,-0.71761600220765,-0.004598661390378311,0.08956224358577154,17.423512748933867,True
UAE,2007,-12.89145918141754,,,-0.004598661390378311,,,False
UAE,2008,-5.38456247424866,,,-0.004598661390378311,,,False
UAE,2009,8.692251609316992,0.012485312331252711,0.14363726330551727,-0.004598661390378311,-0.04299744610322453,7.264287575699038,True
UAE,2010,-3.574483064727071,,,-0.004598661390378311,,,False
UAE,2011,-4.473404804094969,,,-0.004598661390378311,,,False
UAE,2012,1.6072606136480856,-0.00634827551052829,-0.3949748694531417,-0.004598661390378311,0.01791806667457555,47.934354482271154,True
UAE,2013,-0.8300495255722353,,,-0.004598661390378311,,,False
UAE,2014,4.459204260807686,-0.014843909120626981,-0.33288246629766033,-0.004598661390378311,0.03999103120914087,18.10076311359199,True
UAE,2015,-0.053058235077023314,,,-0.004598661390378311,,,False
UAE,2016,1.6375693781489977,-0.021661048012149277,-1.3227560493732193,-0.004598661390378311,0.05268490785037343,54.596160134025965,True
UAE,2017,7.290186380808593,-0.002777544020583983,-0.03809976694005882,-0.004598661390378311,0.00729702894430992,11.353893532529868,True
UAE,2018,9.136548069316607,-0.0044563744600605104,-0.04877525326032501,-0.004598661390378311,0.012968685073495152,8.178471719635915,True
UAE,2019,1.2061896792276987,-0.00374775942615306,-0.3107106196226685,-0.004598661390378311,0.010961967412346414,61.6362428565976,True
UAE,2020,-4.298317148338386,,,-0.004598661390378311,,,False
UAE,2021,1.9362397923554486,-0.014639562014288598,-0.7560820757887365,-0.004598661390378311,0.04173032888115361,39.39904566634155,True
UAE,2022,3.6208412550488056,-0.025181905907991322,-0.6954711387271767,-0.004598661390378311,0.06985127529825148,21.65076966317965,True
UAE,2023,-0.5250305313806303,,,-0.004598661390378311,,,False
Egypt,1991,-0.518885050680788,,,0.004320736672075245,,,False
Egypt,1992,1.5916288822833897,0.005602164090625739,0.3519767800763164,0.004320736672075245,0.04087180100653924,19.93115377153084,True
Egypt,1993,0.5289130948996471,0.004042135869922412,0.7642344099439141,0.004320736672075245,0.029103128607148254,60.77557978801604,True
Egypt,1994,0.3545932312112476,0.0054530252901759824,1.5378255449347151,0.004320736672075245,0.03816788117393381,93.25051097859523,True
Egypt,1995,0.21743640635513517,0.006502336528056975,2.990454375628716,0.004320736672075245,0.04379460075514866,158.03701218219868,True
Egypt,1996,0.0717115164214198,0.007570905655815758,10.557447441669735,0.004320736672075245,0.04860947256169929,502.66682115835124,True
Egypt,1997,0.44514321190100214,0.00819488958026306,1.8409557556244542,0.004320736672075245,0.05054880610837037,84.28972743348157,True
Egypt,1998,-2.1771349842558467,,,0.004320736672075245,,,False
Egypt,1999,-1.0141875000401026,,,0.004320736672075245,,,False
Egypt,2000,-0.18612136775498575,,,0.004320736672075245,,,False
Egypt,2001,-1.4011676711965793,,,0.004320736672075245,,,False
Egypt,2002,-1.9102228260843552,,,0.004320736672075245,,,False
Egypt,2003,-1.5826300602500112,,,0.004320736672075245,,,False
Egypt,2004,-2.3017505397973257,,,0.004320736672075245,,,False
Egypt,2005,-6.817919015910707,,,0.004320736672075245,,,False
Egypt,2006,8.500885699970237,0.018691684841913556,0.219879263192293,0.004320736672075245,0.06421030971361155,7.925409466478992,True
Egypt,2007,-0.709242869796312,,,0.004320736672075245,,,False
Egypt,2008,2.9968585332199527,0.02167967155369388,0.7234132446819341,0.004320736672075245,0.06682720270298587,25.05390200028148,True
Egypt,2009,-0.44861386217907784,,,0.004320736672075245,,,False
Egypt,2010,4.475638847096034,0.01664082214682437,0.3718088683053945,0.004320736672075245,0.04898111919735234,17.56844166526487,True
Egypt,2011,-3.0451687140475054,,,0.004320736672075245,,,False
Egypt,2012,-1.7283433455743615,,,0.004320736672075245,,,False
Egypt,2013,0.907423242886488,0.008071460333495116,0.8894923506499598,0.004320736672075245,0.02132213669883065,96.55031506721016,True
Egypt,2014,4.749461082660859,0.010513173390145689,0.2213550802327186,0.004320736672075245,0.02848134786432929,17.987514480724574,True
Egypt,2015,3.86851746645156,0.015390246881909904,0.39783320135883415,0.004320736672075245,0.04176476495263067,22.04617162507722,True
Egypt,2016,-0.7433827215047131,,,0.004320736672075245,,,False
Egypt,2017,0.7489279677721208,0.01611551813170963,2.151811499261991,0.004320736672075245,0.04021746566184363,123.83166871959929,True
Egypt,2018,4.498717196794147,0.02036851205223989,0.4527626690282909,0.004320736672075245,0.0505894731289921,20.713460287391324,True
Egypt,2019,8.419711515538934,0.020424774227392334,0.24258282709208684,0.004320736672075245,0.05256244462845892,10.681363587579336,True
Egypt,2020,8.648134472943473,0.01260201422832821,0.14571945276469547,0.004320736672075245,0.03451598870065041,9.771009026787173,True
Egypt,2021,-3.985573783691345,,,0.004320736672075245,,,False
Egypt,2022,2.576207160069684,0.025537578941153778,0.9912859236235882,0.004320736672075245,0.06239344570822805,36.770723049088055,True
Egypt,2023,3.976870581085441,0.014763054145451126,0.37122289610494996,0.004320736672075245,0.03622820992887276,23.7153795657885,True
Jordan,1991,0.06196869841782696,0.00046526608691473554,0.7508082286603089,0.00894954224047904,0.01583060189501281,52.99449696131215,True
Jordan,1992,-0.06375318357351231,,,0.00894954224047904,,,False
Jordan,1993,-0.07989932863732813,,,0.00894954224047904,,,False
Jordan,1994,-0.03903955357570291,,,0.00894954224047904,,,False
Jordan,1995,-0.19424564000063516,,,0.00894954224047904,,,False
Jordan,1996,0.0334288425817399,0.000883737579196908,2.643637981291159,0.00894954224047904,0.020406422709101386,144.75523608595546,True
Jordan,1997,0.2283438377836433,0.0013694604860153426,0.5997361257074569,0.00894954224047904,0.03207297657180707,20.893929287991302,True
Jordan,1998,0.06670755423090764,0.0012686603033533654,1.9018240407404359,0.00894954224047904,0.02924030629395125,72.6754271820353,True
Jordan,1999,0.16968508340755276,0.0014208837163265037,0.8373651282675207,0.00894954224047904,0.03278499793202577,28.539008979953756,True
Jordan,2000,-0.42175345179737384,,,0.00894954224047904,,,False
Jordan,2001,0.5832642823750906,0.0023185177065542053,0.3975072324183899,0.00894954224047904,0.050060967722063573,8.872478833997958,True
Jordan,2002,0.19131143148184387,0.002585087431962397,1.351245668875637,0.00894954224047904,0.054675630940643004,27.614659297039317,True
Jordan,2003,0.052862602777533206,0.0019487674634434558,3.6864765657579177,0.00894954224047904,0.03995422358293281,103.09745857455717,True
Jordan,2004,-0.5170873295666354,,,0.00894954224047904,,,False
Jordan,2005,0.22515166596669245,0.004539128905965761,2.0160316764599253,0.00894954224047904,0.07532915221299244,29.90428683301876,True
Jordan,2006,0.14589957097083184,0.004778840815181853,3.2754317119528995,0.00894954224047904,0.07487044382204151,48.882940179624136,True
Jordan,2007,0.2081211114577363,0.005077889606715674,2.4398724238731804,0.00894954224047904,0.07558158880898745,36.070343596663264,True
Jordan,2008,0.7140386229371387,0.004420660492562934,0.6191066352095792,0.00894954224047904,0.06734203279786799,10.272553562758391,True
Jordan,2009,-0.24106476424310622,,,0.00894954224047904,,,False
Jordan,2010,0.5694449045753204,0.001530453156573531,0.2687622883753626,0.00894954224047904,0.02262324370618692,13.27433073729466,True
Jordan,2011,0.4918992132636237,0.001734367825362954,0.35258601327208344,0.00894954224047904,0.026642016279358045,14.787582097842558,True
Jordan,2012,-0.5782717665040974,,,0.00894954224047904,,,False
Jordan,2013,0.23755754959671457,0.0018213659963197165,0.7667051623540178,0.00894954224047904,0.02543619418025094,33.68025985106665,True
Jordan,2014,-0.04125562507785343,,,0.00894954224047904,,,False
Jordan,2015,-0.18046309113717865,,,0.00894954224047904,,,False
Jordan,2016,-0.83448095404272,,,0.00894954224047904,,,False
Jordan,2017,0.1911560053477277,0.002107991455992979,1.1027597339452548,0.00894954224047904,0.02413832944408977,51.04731071487624,True
Jordan,2018,0.7802651797609477,0.0015444503651088715,0.19793916288588573,0.00894954224047904,0.018829581351137856,11.746006662514286,True
Jordan,2019,1.6725197727078331,0.0011789300139261878,0.07048825569442946,0.00894954224047904,0.017212957199191505,4.575730657945935,True
Jordan,2020,-0.39740298786519485,,,0.00894954224047904,,,False
Jordan,2021,0.6282086929096767,0.002407905900723719,0.38329713165397494,0.00894954224047904,0.03526720756854931,12.144053538426425,True
Jordan,2022,4.3452371163915995,0.0007359470152740207,0.01693686663261246,0.00894954224047904,0.02370508005228508,0.798345385321745,True
Jordan,2023,-1.989268788673866,,,0.00894954224047904,,,False
Tunisia,1991,0.24057966252700722,0.001582403510548833,0.6577461677049257,0.009224623254829877,0.03756926446779608,18.979160383049525,True
Tunisia,1992,0.16041030045086654,0.003180610330281768,1.9827968162530714,0.009224623254829877,0.07240564656266474,29.686372923779874,True
Tunisia,1993,-0.4038377696002118,,,0.009224623254829877,,,False
Tunisia,1994,-0.15427937727283353,,,0.009224623254829877,,,False
Tunisia,1995,0.58432921187888,0.001087776985557561,0.18615824152618884,0.009224623254829877,0.022946296992020596,8.794699795130581,True
Tunisia,1996,0.024520844762879246,0.003375144397301777,13.764388747369837,0.009224623254829877,0.06674284091967436,223.56489154480101,True
Tunisia,1997,-0.543814638490645,,,0.009224623254829877,,,False
Tunisia,1998,-0.10714212957011045,,,0.009224623254829877,,,False
Tunisia,1999,0.41481379145129704,0.0035266733212519896,0.8501822730901302,0.009224623254829877,0.05675601872086983,16.238708430319953,True
Tunisia,2000,-0.3693559573607872,,,0.009224623254829877,,,False
Tunisia,2001,0.10473545674225618,0.002554342639517405,2.4388518644678228,0.009224623254829877,0.03657440493153808,72.28688579295068,True
Tunisia,2002,-0.21186906903338107,,,0.009224623254829877,,,False
Tunisia,2003,0.4096897955361963,0.0032497407137681306,0.7932198334388376,0.009224623254829877,0.044912009624674114,19.146193255152674,True
Tunisia,2004,0.570135168126234,0.004203380323763373,0.7372603127742332,0.009224623254829877,0.058697615994175605,13.616069370906075,True
Tunisia,2005,-0.4663397371771519,,,0.009224623254829877,,,False
Tunisia,2006,1.064748633829083,0.0036224574724226907,0.3402171514787949,0.009224623254829877,0.04982798556885977,7.401746994178425,True
Tunisia,2007,1.3687775999204768,0.004083866350315964,0.2983586486623706,0.009224623254829877,0.06287652600057786,5.144005863632681,True
Tunisia,2008,0.055382095724197396,0.0027316926682403246,4.932447269319931,0.009224623254829877,0.040654934139214394,131.52265014083773,True
Tunisia,2009,0.3576976357219511,0.001947504957929662,0.5444556417039097,0.009224623254829877,0.029535624099290173,19.983323186862048,True
Tunisia,2010,-1.4470348202673509,,,0.009224623254829877,,,False
Tunisia,2011,0.24968238449277272,-0.0006033178021605558,-0.2416341078231009,0.009224623254829877,-0.007668305169138147,34.159398218366825,True
Tunisia,2012,-0.1035904998398592,,,0.009224623254829877,,,False
Tunisia,2013,0.18055227824758077,0.003316720661434192,1.8369863253047225,0.009224623254829877,0.03877812758476863,51.35354751539523,True
Tunisia,2014,-0.141143686625303,,,0.009224623254829877,,,False
Tunisia,2015,0.16098740979464665,0.0020965477604311896,1.3023054182345795,0.009224623254829877,0.023045764735663624,61.25944887603219,True
Tunisia,2016,0.8423276278783987,0.005108994629678188,0.606532952331909,0.009224623254829877,0.0575600888368322,11.423108635573644,True
Tunisia,2017,-0.2560556165095432,,,0.009224623254829877,,,False
Tunisia,2018,0.12456013190621756,0.0023837717880779933,1.9137518173734405,0.009224623254829877,0.025257941489841073,82.13703569054512,True
Tunisia,2019,-0.0021995459947592995,,,0.009224623254829877,,,False
Tunisia,2020,-0.23855199728960705,,,0.009224623254829877,,,False
Tunisia,2021,-0.16790584283935467,,,0.009224623254829877,,,False
Tunisia,2022,0.4621952951701719,0.0023703773409418133,0.5128518973930887,0.009224623254829877,0.0253787669527385,21.906490663782353,True
Tunisia,2023,0.39621409399407603,0.0003802734017623656,0.09597674780545572,0.009224623254829877,0.0042186607897150424,24.662822948534085,True
Morocco,1991,0.26301523646131186,0.0012911798874539588,0.4909144826839279,0.0025172859358950214,0.06497661474164958,30.01347034570434,True
Morocco,1992,-0.4142727574058144,,,0.0025172859358950214,,,False
Morocco,1993,-0.748901159365847,,,0.0025172859358950214,,,False
Morocco,1994,0.06879753837823316,0.0022412411528398043,3.2577345144501715,0.0025172859358950214,0.09385835071607908,137.88284034013162,True
Morocco,1995,-0.5411270036042225,,,0.0025172859358950214,,,False
Morocco,1996,0.5237881284628765,0.00274827856923876,0.5246927946427378,0.0025172859358950214,0.10887141728747209,19.145145632506896,True
Morocco,1997,-0.5374117036415333,,,0.0025172859358950214,,,False
Morocco,1998,0.4117392764889155,0.0019241909669545387,0.4673323816379563,0.0025172859358950214,0.0712785435058408,26.04560850120575,True
Morocco,1999,-0.5682754637463598,,,0.0025172859358950214,,,False
Morocco,2000,1.21779104900874,0.0004069209481118661,0.03341467720945169,0.0025172859358950214,0.01567597614668646,8.467790930466915,True
Morocco,2001,-1.7042427576844712,,,0.0025172859358950214,,,False
Morocco,2002,1.3942873862761855,0.0009554011843956318,0.06852254375959638,0.0025172859358950214,0.03209608611101574,8.481034911734946,True
Morocco,2003,0.36398124288577766,0.0018259254512132362,0.5016537216963778,0.0025172859358950214,0.05941635041083759,33.54018988234248,True
Morocco,2004,0.04121127152128582,0.0014709081550942581,3.56918896407874,0.0025172859358950214,0.045818476737689615,309.45417428853204,True
Morocco,2005,-0.14514991279862016,,,0.0025172859358950214,,,False
Morocco,2006,0.19735344394360815,0.0025579197125275826,1.296111008459768,0.0025172859358950214,0.07201062288405606,71.5011591286549,True
Morocco,2007,-0.4361819685977,,,0.0025172859358950214,,,False
Morocco,2008,0.19877971514925885,0.0026445539572989346,1.3303942785677116,0.0025172859358950214,0.06651624883831712,79.45478736671228,True
Morocco,2009,1.727559025167175,0.003654020320456713,0.21151348620942864,0.0025172859358950214,0.09258674499994128,9.075210301557568,True
Morocco,2010,-1.069881020174438,,,0.0025172859358950214,,,False
Morocco,2011,-0.35610076317024797,,,0.0025172859358950214,,,False
Morocco,2012,0.16102646994007505,0.0016605081621956994,1.0312019898428169,0.0025172859358950214,0.033436853781917755,122.514019014027,True
Morocco,2013,0.8958646216198932,0.0029056015877317928,0.3243348958772268,0.0025172859358950214,0.05760353586955506,22.36721879224061,True
Morocco,2014,0.4914324222502619,0.0025580037775578533,0.5205199457220977,0.0025172859358950214,0.04936004734166027,41.89182289954014,True
Morocco,2015,1.3764192356652472,0.0021072438091340774,0.15309607382198567,0.0025172859358950214,0.04163687817145065,14.606741521076541,True
Morocco,2016,0.20778253410333805,0.0002610557295612317,0.1256389189244361,0.0025172859358950214,0.00518474327601093,96.26410653963944,True
Morocco,2017,-0.009312499953084415,,,0.0025172859358950214,,,False
Morocco,2018,0.10747759731430884,0.0016142870958727146,1.5019754220517911,0.0025172859358950214,0.029744006630203716,200.59994397669374,True
Morocco,2019,-1.7477050589373444,,,0.0025172859358950214,,,False
Morocco,2020,-0.29481925561385336,,,0.0025172859358950214,,,False
Morocco,2021,-1.1535200383781143,,,0.0025172859358950214,,,False
Morocco,2022,18.38238965480343,0.00028414387562883967,0.001545739596236832,0.0025172859358950214,0.015042254250050456,0.40821678470073985,True
Morocco,2023,0.7573877770315898,0.0005801326486982872,0.07659651585241922,0.0025172859358950214,0.03291339270187765,9.244933985392208,True
